<?xml version="1.0" encoding="UTF-8"?>

<jaxb:bindings xmlns:xsd="http://www.w3.org/2001/XMLSchema"
	xmlns:jaxb="http://java.sun.com/xml/ns/jaxb" version="1.0">
	<jaxb:globalBindings underscoreBinding="asCharInWord" />
	<jaxb:bindings schemaLocation="../main/resources/schema/ebRS/rim.xsd"
		node="//xsd:schema[@targetNamespace='urn:oasis:names:tc:ebxml-regrep:xsd:rim:3.0']">
		<jaxb:schemaBindings>
			<jaxb:package name="org.dcm4chee.xds2.infoset.rim" />
		</jaxb:schemaBindings>
	</jaxb:bindings>
	<jaxb:bindings schemaLocation="../main/resources/schema/ebRS/rs.xsd"
		node="//xsd:schema[@targetNamespace='urn:oasis:names:tc:ebxml-regrep:xsd:rs:3.0']">
		<jaxb:schemaBindings>
			<jaxb:package name="org.dcm4chee.xds2.infoset.rim" />
		</jaxb:schemaBindings>
	</jaxb:bindings>
	<jaxb:bindings schemaLocation="../main/resources/schema/ebRS/query.xsd"
		node="//xsd:schema[@targetNamespace='urn:oasis:names:tc:ebxml-regrep:xsd:query:3.0']">
		<jaxb:schemaBindings>
			<jaxb:package name="org.dcm4chee.xds2.infoset.rim" />
		</jaxb:schemaBindings>
	</jaxb:bindings>
	<jaxb:bindings schemaLocation="../main/resources/schema/ebRS/lcm.xsd"
		node="//xsd:schema[@targetNamespace='urn:oasis:names:tc:ebxml-regrep:xsd:lcm:3.0']">
		<jaxb:schemaBindings>
			<jaxb:package name="org.dcm4chee.xds2.infoset.rim" />
		</jaxb:schemaBindings>
	</jaxb:bindings>
</jaxb:bindings>