<?xml version="1.0" encoding="UTF-8"?>
<!-- ***** BEGIN LICENSE BLOCK *****
   - Version: MPL 1.1/GPL 2.0/LGPL 2.1
   -
   - The contents of this file are subject to the Mozilla Public License Version
   - 1.1 (the "License"); you may not use this file except in compliance with
   - the License. You may obtain a copy of the License at
   - http://www.mozilla.org/MPL/
   -
   - Software distributed under the License is distributed on an "AS IS" basis,
   - WITHOUT WARRANTY OF ANY KIND, either express or implied. See the License
   - for the specific language governing rights and limitations under the
   - License.
   -
   - The Original Code is part of dcm4che, an implementation of DICOM(TM) in
   - Java(TM), hosted at https://github.com/gunterze/dcm4che.
   -
   - The Initial Developer of the Original Code is
   - Agfa Healthcare.
   - Portions created by the Initial Developer are Copyright (C) 2011
   - the Initial Developer. All Rights Reserved.
   -
   - Contributor(s):
   - Gunter Zeilinger <gunterze@gmail.com>
   - Michael Backhaus <michael.backhaus@agfa.com>
   -
   - Alternatively, the contents of this file may be used under the terms of
   - either the GNU General Public License Version 2 or later (the "GPL"), or
   - the GNU Lesser General Public License Version 2.1 or later (the "LGPL"),
   - in which case the provisions of the GPL or the LGPL are applicable instead
   - of those above. If you wish to allow use of your version of this file only
   - under the terms of either the GPL or the LGPL, and not to allow others to
   - use your version of this file under the terms of the MPL, indicate your
   - decision by deleting the provisions above and replace them with the notice
   - and other provisions required by the GPL or the LGPL. If you do not delete
   - the provisions above, a recipient may use your version of this file under
   - the terms of any one of the MPL, the GPL or the LGPL.
   -
   - ***** END LICENSE BLOCK *****  -->

<assembly xmlns="http://maven.apache.org/plugins/maven-assembly-plugin/assembly/1.1.0"
  xmlns:xsi="http://www.w3.org/2001/XMLSchema-instance"
  xsi:schemaLocation="http://maven.apache.org/plugins/maven-assembly-plugin/assembly/1.1.0 http://maven.apache.org/xsd/assembly-1.1.0.xsd">
  <id>bin</id>
  <formats>
    <format>zip</format>
  </formats>
  <fileSets>
    <fileSet>
      <directory>target</directory>
      <includes>
        <include>dcm4chee-xds2-src-tool-2.0.0.jar</include>
      </includes>
      <outputDirectory>lib</outputDirectory>
      <lineEnding>keep</lineEnding>
    </fileSet>
    <fileSet>
      <directory>src/etc</directory>
      <outputDirectory>.</outputDirectory>
      <lineEnding>keep</lineEnding>
    </fileSet>
    <fileSet>
      <directory>src</directory>
      <includes>
        <include>bin/pnrsnd</include>
      </includes>
      <outputDirectory>.</outputDirectory>
      <fileMode>0755</fileMode>
      <lineEnding>unix</lineEnding>
    </fileSet>
    <fileSet>
      <directory>src</directory>
      <includes>
        <include>bin/pnrsnd.bat</include>
      </includes>
      <outputDirectory>.</outputDirectory>
      <lineEnding>dos</lineEnding>
    </fileSet>
  </fileSets>
  <dependencySets>
    <dependencySet>
      <outputDirectory>lib</outputDirectory>
      <includes>
        <include>org.dcm4che:dcm4chee-xds2-src-base</include>
        <include>org.dcm4che:dcm4chee-xds2-common</include>
        <include>org.dcm4che:dcm4chee-xds2-infoset</include>
        <include>org.dcm4che:dcm4che-audit</include>
        <include>org.dcm4che:dcm4che-core</include>
        <include>org.dcm4che:dcm4che-net</include>
        <include>org.dcm4che:dcm4che-net-audit</include>
        <include>org.slf4j:slf4j-api</include>
        <include>org.slf4j:slf4j-log4j12</include>
        <include>log4j:log4j</include>
        <include>commons-cli:commons-cli</include>
      </includes>
      <useProjectArtifact>false</useProjectArtifact>
    </dependencySet>
  </dependencySets>
</assembly>